{
  "eye": {
    "orientation": [
      0.9112273454666138,
      0.24907276034355164,
      -0.2575472891330719,
      0.20321643352508545
    ],
    "magnitude": 0.5773502588272095,
    "position": [
      -123.14789581298828,
      -206.61636352539062,
      -274.8179016113281
    ]
  },
  "radius": 150,
  "type": "PERSPECTIVE"
}